Name:Wed-May-09-01_22_33-CEST-2018.zip,Epsilon:0.4,Score:-0.04671600000000016
Name:Wed-May-09-01_45_48-CEST-2018.zip,Epsilon:0.4,Score:-0.025412000000000202
Name:Wed-May-09-02_09_13-CEST-2018.zip,Epsilon:0.4,Score:-0.4190040000000002
Name:Mon-May-07-20_13_36-CEST-2018.zip,Epsilon:1.0,Score:-33.131607999997655
Name:Mon-May-07-20_36_26-CEST-2018.zip,Epsilon:0.8,Score:-31.5806279999972
Name:Mon-May-07-20_59_07-CEST-2018.zip,Epsilon:0.8,Score:-52.46025399999591
Name:Mon-May-07-21_21_51-CEST-2018.zip,Epsilon:0.8,Score:-54.25803599999633
Name:Mon-May-07-21_44_37-CEST-2018.zip,Epsilon:0.8,Score:-44.90623399999591
Name:Mon-May-07-22_07_34-CEST-2018.zip,Epsilon:0.8,Score:-40.22155799999617
Name:Mon-May-07-22_30_12-CEST-2018.zip,Epsilon:0.8,Score:-38.581085999996155
Name:Mon-May-07-22_52_58-CEST-2018.zip,Epsilon:0.8,Score:-34.08624799999618
Name:Mon-May-07-23_15_42-CEST-2018.zip,Epsilon:0.8,Score:-2.322155999999142
Name:Mon-May-07-23_38_25-CEST-2018.zip,Epsilon:0.8,Score:-24.266323999995162
Name:Tue-May-08-00_01_07-CEST-2018.zip,Epsilon:0.8,Score:-46.6858779999958
Name:Tue-May-08-00_23_53-CEST-2018.zip,Epsilon:0.8,Score:-53.03290599999577
Name:Tue-May-08-00_46_50-CEST-2018.zip,Epsilon:0.8,Score:-30.54318599999729
Name:Tue-May-08-01_09_39-CEST-2018.zip,Epsilon:0.8,Score:-34.78312799999656
Name:Tue-May-08-01_32_18-CEST-2018.zip,Epsilon:0.8,Score:-45.922013999996764
Name:Tue-May-08-01_55_04-CEST-2018.zip,Epsilon:0.8,Score:-55.17692399999618
Name:Tue-May-08-02_17_46-CEST-2018.zip,Epsilon:0.8,Score:-29.666733999996673
Name:Tue-May-08-02_40_37-CEST-2018.zip,Epsilon:0.8,Score:-56.27421399999632
Name:Tue-May-08-03_03_15-CEST-2018.zip,Epsilon:0.8,Score:-47.83769399999667
Name:Tue-May-08-03_25_53-CEST-2018.zip,Epsilon:0.6,Score:-47.05769999999517
Name:Tue-May-08-03_48_39-CEST-2018.zip,Epsilon:0.6,Score:-65.00573199999597
Name:Tue-May-08-04_11_25-CEST-2018.zip,Epsilon:0.6,Score:-56.258675999996065
Name:Tue-May-08-04_34_00-CEST-2018.zip,Epsilon:0.6,Score:-55.041741999995715
Name:Tue-May-08-04_56_51-CEST-2018.zip,Epsilon:0.6,Score:-72.50307199999597
Name:Tue-May-08-05_19_30-CEST-2018.zip,Epsilon:0.6,Score:-52.334785999996605
Name:Tue-May-08-05_42_16-CEST-2018.zip,Epsilon:0.6,Score:-51.03336999999661
Name:Tue-May-08-06_04_57-CEST-2018.zip,Epsilon:0.6,Score:-63.89719599999635
Name:Tue-May-08-06_27_42-CEST-2018.zip,Epsilon:0.6,Score:-54.858759999996145
Name:Tue-May-08-06_50_17-CEST-2018.zip,Epsilon:0.6,Score:-56.44405599999605
Name:Tue-May-08-07_13_05-CEST-2018.zip,Epsilon:0.6,Score:-59.99768599999625
Name:Tue-May-08-07_35_41-CEST-2018.zip,Epsilon:0.6,Score:-62.81400599999643
Name:Tue-May-08-07_58_22-CEST-2018.zip,Epsilon:0.6,Score:-62.42460399999622
Name:Tue-May-08-08_21_01-CEST-2018.zip,Epsilon:0.6,Score:-19.898591999994633
Name:Tue-May-08-08_43_37-CEST-2018.zip,Epsilon:0.6,Score:-61.679347999996516
Name:Tue-May-08-09_06_23-CEST-2018.zip,Epsilon:0.6,Score:-60.95700599999611
Name:Tue-May-08-09_29_10-CEST-2018.zip,Epsilon:0.6,Score:-66.11698999999611
Name:Tue-May-08-09_51_36-CEST-2018.zip,Epsilon:0.6,Score:-54.41264199999615
Name:Tue-May-08-10_14_01-CEST-2018.zip,Epsilon:0.6,Score:-67.22825799999639
Name:Tue-May-08-10_36_29-CEST-2018.zip,Epsilon:0.6,Score:-59.513809999995985
Name:Tue-May-08-11_09_23-CEST-2018.zip,Epsilon:0.6,Score:-58.49793199999653
Name:Tue-May-08-11_32_00-CEST-2018.zip,Epsilon:0.6,Score:-48.17050199999706
Name:Tue-May-08-11_54_35-CEST-2018.zip,Epsilon:0.6,Score:-41.8549399999966
Name:Tue-May-08-12_17_29-CEST-2018.zip,Epsilon:0.6,Score:-51.78833599999671
Name:Tue-May-08-12_40_26-CEST-2018.zip,Epsilon:0.6,Score:-46.68507199999698
Name:Tue-May-08-13_03_17-CEST-2018.zip,Epsilon:0.6,Score:-41.04316799999737
Name:Tue-May-08-13_26_27-CEST-2018.zip,Epsilon:0.6,Score:-45.56595599999712
Name:Tue-May-08-13_49_28-CEST-2018.zip,Epsilon:0.6,Score:-45.820057999997296
Name:Tue-May-08-14_12_26-CEST-2018.zip,Epsilon:0.6,Score:-61.581861999996896
Name:Tue-May-08-14_35_15-CEST-2018.zip,Epsilon:0.6,Score:-57.29208999999665
Name:Tue-May-08-14_58_02-CEST-2018.zip,Epsilon:0.6,Score:-45.922465999996795
Name:Tue-May-08-15_20_55-CEST-2018.zip,Epsilon:0.6,Score:-39.773651999996964
Name:Tue-May-08-15_43_52-CEST-2018.zip,Epsilon:0.6,Score:-35.266047999997646
Name:Tue-May-08-16_07_11-CEST-2018.zip,Epsilon:0.6,Score:-42.9798559999974
Name:Tue-May-08-16_30_26-CEST-2018.zip,Epsilon:0.6,Score:-47.43060799999769
Name:Tue-May-08-16_53_16-CEST-2018.zip,Epsilon:0.6,Score:-36.700441999997636
Name:Tue-May-08-17_16_09-CEST-2018.zip,Epsilon:0.6,Score:-31.156801999997505
Name:Tue-May-08-17_39_29-CEST-2018.zip,Epsilon:0.6,Score:-23.787287999999798
Name:Tue-May-08-18_02_40-CEST-2018.zip,Epsilon:0.6,Score:-23.23841999999868
Name:Tue-May-08-18_25_57-CEST-2018.zip,Epsilon:0.6,Score:-6.4734360000008095
Name:Tue-May-08-18_49_03-CEST-2018.zip,Epsilon:0.6,Score:-44.88184399999744
Name:Tue-May-08-19_12_32-CEST-2018.zip,Epsilon:0.6,Score:-47.104161999997146
Name:Tue-May-08-19_35_41-CEST-2018.zip,Epsilon:0.6,Score:-56.27645399999729
Name:Tue-May-08-19_58_47-CEST-2018.zip,Epsilon:0.6,Score:-61.486691999997106
Name:Tue-May-08-20_21_57-CEST-2018.zip,Epsilon:0.6,Score:-45.30294799999687
Name:Tue-May-08-20_45_18-CEST-2018.zip,Epsilon:0.6,Score:-27.28841199999786
Name:Tue-May-08-21_08_30-CEST-2018.zip,Epsilon:0.6,Score:-53.751693999996476
Name:Tue-May-08-21_31_16-CEST-2018.zip,Epsilon:0.6,Score:-49.77713999999706
Name:Tue-May-08-21_54_06-CEST-2018.zip,Epsilon:0.6,Score:-19.837569999997655
Name:Tue-May-08-22_17_17-CEST-2018.zip,Epsilon:0.6,Score:-44.442513999996834
Name:Tue-May-08-22_40_15-CEST-2018.zip,Epsilon:0.6,Score:-53.00950199999671
Name:Tue-May-08-23_03_04-CEST-2018.zip,Epsilon:0.6,Score:-37.82381199999801
Name:Tue-May-08-23_25_48-CEST-2018.zip,Epsilon:0.6,Score:-36.729637999997585
Name:Tue-May-08-23_49_10-CEST-2018.zip,Epsilon:0.6,Score:-27.100713999998813
Name:Wed-May-09-00_13_14-CEST-2018.zip,Epsilon:0.4,Score:-63.11708199999713
Name:Wed-May-09-00_35_36-CEST-2018.zip,Epsilon:0.4,Score:-45.96994599999732
Name:Wed-May-09-00_58_34-CEST-2018.zip,Epsilon:0.4,Score:-48.737215999996934
Name:Wed-May-09-01_22_33-CEST-2018.zip,Epsilon:0.4,Score:-72.60472799999688
Name:Wed-May-09-01_45_48-CEST-2018.zip,Epsilon:0.4,Score:-36.25496199999763
Name:Wed-May-09-02_09_13-CEST-2018.zip,Epsilon:0.4,Score:-42.35146799999663
Name:Wed-May-09-02_32_44-CEST-2018.zip,Epsilon:0.4,Score:-31.875417999998213
Name:Wed-May-09-02_56_18-CEST-2018.zip,Epsilon:0.4,Score:-48.8451939999963
Name:Wed-May-09-03_19_41-CEST-2018.zip,Epsilon:0.4,Score:-13.348816000000983
Name:Wed-May-09-03_43_01-CEST-2018.zip,Epsilon:0.4,Score:-59.75559599999649
Name:Wed-May-09-04_05_26-CEST-2018.zip,Epsilon:0.4,Score:-42.178551999996756
Name:Wed-May-09-04_29_15-CEST-2018.zip,Epsilon:0.4,Score:-38.0158859999971
Name:Wed-May-09-04_51_43-CEST-2018.zip,Epsilon:0.4,Score:-1.3566819999999404
Name:Wed-May-09-05_16_14-CEST-2018.zip,Epsilon:0.4,Score:-38.65582199999717
Name:Wed-May-09-05_40_48-CEST-2018.zip,Epsilon:0.4,Score:-50.91894999999677
Name:Wed-May-09-06_04_12-CEST-2018.zip,Epsilon:0.4,Score:-63.59067799999644
Name:Wed-May-09-06_26_16-CEST-2018.zip,Epsilon:0.4,Score:-54.94072799999538
Name:Wed-May-09-06_48_27-CEST-2018.zip,Epsilon:0.4,Score:-71.4087939999963
Name:Wed-May-09-07_10_36-CEST-2018.zip,Epsilon:0.4,Score:-44.48262199999679
Name:Wed-May-09-07_33_33-CEST-2018.zip,Epsilon:0.4,Score:-64.85621799999673
Name:Wed-May-09-07_56_56-CEST-2018.zip,Epsilon:0.4,Score:-62.843963999996646
Name:Wed-May-09-08_19_06-CEST-2018.zip,Epsilon:0.4,Score:-57.38546999999679
Name:Wed-May-09-08_41_56-CEST-2018.zip,Epsilon:0.4,Score:-57.654049999997234
Name:Wed-May-09-09_04_05-CEST-2018.zip,Epsilon:0.4,Score:-60.47982199999681
Name:Wed-May-09-09_27_10-CEST-2018.zip,Epsilon:0.4,Score:-65.07746599999655
Name:Wed-May-09-09_49_17-CEST-2018.zip,Epsilon:0.4,Score:-71.99367399999629
Name:Wed-May-09-10_12_32-CEST-2018.zip,Epsilon:0.4,Score:-58.27010999999588
Name:Wed-May-09-10_35_02-CEST-2018.zip,Epsilon:0.4,Score:-59.350395999996294
Name:Wed-May-09-10_57_37-CEST-2018.zip,Epsilon:0.4,Score:-64.38639599999631
Name:Wed-May-09-11_19_56-CEST-2018.zip,Epsilon:0.4,Score:-59.10362199999783
Name:Wed-May-09-11_42_10-CEST-2018.zip,Epsilon:0.4,Score:-52.37449799999655
Name:Wed-May-09-12_05_23-CEST-2018.zip,Epsilon:0.4,Score:-56.18571799999703
Name:Wed-May-09-12_28_15-CEST-2018.zip,Epsilon:0.4,Score:-71.46754399999612
Name:Wed-May-09-12_50_36-CEST-2018.zip,Epsilon:0.4,Score:-72.34144599999658
Name:Wed-May-09-13_13_17-CEST-2018.zip,Epsilon:0.4,Score:-70.00815999999652
Name:Wed-May-09-13_35_17-CEST-2018.zip,Epsilon:0.4,Score:-58.755285999996715
Name:Wed-May-09-13_57_26-CEST-2018.zip,Epsilon:0.4,Score:-22.381791999999106
Name:Wed-May-09-14_22_41-CEST-2018.zip,Epsilon:0.4,Score:-41.279129999997515
Name:Wed-May-09-14_45_33-CEST-2018.zip,Epsilon:0.4,Score:-64.17372999999655
Name:Wed-May-09-15_08_04-CEST-2018.zip,Epsilon:0.4,Score:-68.07731599999588
Name:Wed-May-09-15_30_23-CEST-2018.zip,Epsilon:0.4,Score:-41.4286559999977
Name:Wed-May-09-15_54_29-CEST-2018.zip,Epsilon:0.4,Score:-46.75487599999631
Name:Wed-May-09-16_17_18-CEST-2018.zip,Epsilon:0.4,Score:-56.680539999996626
Name:Wed-May-09-16_39_42-CEST-2018.zip,Epsilon:0.4,Score:-23.307327999997778
Name:Wed-May-09-17_02_47-CEST-2018.zip,Epsilon:0.4,Score:-37.73915399999759
Name:Wed-May-09-17_28_52-CEST-2018.zip,Epsilon:0.4,Score:-64.88703599999707
Name:Wed-May-09-17_51_04-CEST-2018.zip,Epsilon:0.4,Score:-78.11251799999584
Name:Wed-May-09-18_13_20-CEST-2018.zip,Epsilon:0.4,Score:-71.32752999999704
Name:Wed-May-09-18_35_20-CEST-2018.zip,Epsilon:0.4,Score:-75.97624999999606
Name:Wed-May-09-18_57_31-CEST-2018.zip,Epsilon:0.4,Score:-53.03282199999647
Name:Wed-May-09-19_19_48-CEST-2018.zip,Epsilon:0.4,Score:-66.22872799999622
Name:Wed-May-09-19_41_59-CEST-2018.zip,Epsilon:0.4,Score:-25.363331999998124
Name:Wed-May-09-20_04_52-CEST-2018.zip,Epsilon:0.4,Score:-58.981721999996275
Name:Wed-May-09-20_27_38-CEST-2018.zip,Epsilon:0.4,Score:-1.172360000000005
Name:Wed-May-09-20_50_53-CEST-2018.zip,Epsilon:0.4,Score:-13.908154000000575
Name:Wed-May-09-21_15_00-CEST-2018.zip,Epsilon:0.4,Score:-29.144159999997864
Name:Wed-May-09-21_40_16-CEST-2018.zip,Epsilon:0.4,Score:-52.42333799999617
Name:Wed-May-09-22_03_03-CEST-2018.zip,Epsilon:0.4,Score:-31.11247399999745
Name:Wed-May-09-22_25_28-CEST-2018.zip,Epsilon:0.4,Score:-3.989306000000008
Name:Wed-May-09-22_49_31-CEST-2018.zip,Epsilon:0.4,Score:-42.040051999997424
Name:Wed-May-09-23_16_11-CEST-2018.zip,Epsilon:0.4,Score:-69.94681999999587
Name:Wed-May-09-23_38_33-CEST-2018.zip,Epsilon:0.4,Score:-51.490447999997
Name:Thu-May-10-00_01_12-CEST-2018.zip,Epsilon:0.4,Score:-50.409123999996254
Name:Thu-May-10-00_23_29-CEST-2018.zip,Epsilon:0.4,Score:10.608685999999636
Name:Thu-May-10-00_46_56-CEST-2018.zip,Epsilon:0.4,Score:-13.331768000000645
Name:Thu-May-10-01_11_12-CEST-2018.zip,Epsilon:0.4,Score:-46.577107999996336
Name:Thu-May-10-01_35_41-CEST-2018.zip,Epsilon:0.4,Score:-40.39229599999631
Name:Thu-May-10-01_58_53-CEST-2018.zip,Epsilon:0.4,Score:-16.31888599999961
Name:Thu-May-10-02_21_44-CEST-2018.zip,Epsilon:0.4,Score:-28.132837999997676
Name:Thu-May-10-02_46_16-CEST-2018.zip,Epsilon:0.4,Score:-43.19735599999711
Name:Thu-May-10-03_10_02-CEST-2018.zip,Epsilon:0.4,Score:-51.67235399999713
Name:Thu-May-10-03_32_19-CEST-2018.zip,Epsilon:0.4,Score:-23.247923999997095
Name:Thu-May-10-03_55_24-CEST-2018.zip,Epsilon:0.4,Score:-41.09141799999692
Name:Thu-May-10-04_18_43-CEST-2018.zip,Epsilon:0.4,Score:-33.93940199999655
Name:Thu-May-10-04_42_59-CEST-2018.zip,Epsilon:0.4,Score:-56.19541999999666
Name:Thu-May-10-05_05_17-CEST-2018.zip,Epsilon:0.4,Score:-52.296887999997004
Name:Thu-May-10-05_27_41-CEST-2018.zip,Epsilon:0.4,Score:-56.318389999996405
Name:Thu-May-10-05_50_23-CEST-2018.zip,Epsilon:0.4,Score:-45.01831199999703
Name:Thu-May-10-06_14_42-CEST-2018.zip,Epsilon:0.4,Score:-53.757551999996444
Name:Thu-May-10-06_37_01-CEST-2018.zip,Epsilon:0.4,Score:-16.07775799999984
Name:Thu-May-10-06_59_55-CEST-2018.zip,Epsilon:0.4,Score:-33.08446599999691
Name:Thu-May-10-07_24_15-CEST-2018.zip,Epsilon:0.4,Score:-31.7033639999976
Name:Thu-May-10-07_47_20-CEST-2018.zip,Epsilon:0.4,Score:-0.8928499999999537
Name:Thu-May-10-08_10_42-CEST-2018.zip,Epsilon:0.4,Score:-31.128877999998274
Name:Thu-May-10-08_39_09-CEST-2018.zip,Epsilon:0.4,Score:-56.530473999996296
Name:Thu-May-10-09_01_49-CEST-2018.zip,Epsilon:0.4,Score:-5.044416000000048
Name:Thu-May-10-09_25_08-CEST-2018.zip,Epsilon:0.4,Score:-34.4988839999972
Name:Thu-May-10-09_48_43-CEST-2018.zip,Epsilon:0.4,Score:-55.21070799999664
Name:Thu-May-10-10_12_14-CEST-2018.zip,Epsilon:0.4,Score:-0.9452740000001293
Name:Thu-May-10-10_36_22-CEST-2018.zip,Epsilon:0.4,Score:-32.51530999999699
Name:Thu-May-10-10_59_39-CEST-2018.zip,Epsilon:0.4,Score:-40.15587799999722
Name:Thu-May-10-11_23_45-CEST-2018.zip,Epsilon:0.4,Score:-44.06083599999626
Name:Thu-May-10-11_46_22-CEST-2018.zip,Epsilon:0.4,Score:-28.773247999997782
Name:Thu-May-10-12_09_06-CEST-2018.zip,Epsilon:0.4,Score:0.018450000000051092
Name:Thu-May-10-12_32_41-CEST-2018.zip,Epsilon:0.4,Score:-53.559199999997645
Name:Thu-May-10-13_15_21-CEST-2018.zip,Epsilon:0.4,Score:-48.35104799999736
Name:Thu-May-10-13_38_23-CEST-2018.zip,Epsilon:0.4,Score:-37.90374799999733
Name:Thu-May-10-14_01_39-CEST-2018.zip,Epsilon:0.4,Score:13.399581999999505
Name:Thu-May-10-14_25_20-CEST-2018.zip,Epsilon:0.4,Score:-24.108641999997754
Name:Thu-May-10-14_49_19-CEST-2018.zip,Epsilon:0.4,Score:-34.05615999999781
Name:Thu-May-10-15_12_32-CEST-2018.zip,Epsilon:0.4,Score:-12.444603999999726
Name:Thu-May-10-15_36_02-CEST-2018.zip,Epsilon:0.4,Score:-4.306302000000307
Name:Thu-May-10-15_59_34-CEST-2018.zip,Epsilon:0.4,Score:-35.50893199999762
Name:Thu-May-10-16_25_00-CEST-2018.zip,Epsilon:0.4,Score:-43.3206899999962
Name:Thu-May-10-16_48_19-CEST-2018.zip,Epsilon:0.4,Score:-24.741163999998925
Name:Thu-May-10-17_11_51-CEST-2018.zip,Epsilon:0.4,Score:-39.31031199999789
Name:Thu-May-10-17_35_08-CEST-2018.zip,Epsilon:0.4,Score:0.9663440000000421
Name:Thu-May-10-17_58_59-CEST-2018.zip,Epsilon:0.4,Score:-29.954533999997366
Name:Thu-May-10-18_22_48-CEST-2018.zip,Epsilon:0.2,Score:-36.59945799999757
Name:Thu-May-10-18_46_40-CEST-2018.zip,Epsilon:0.2,Score:-31.22952799999749
Name:Thu-May-10-19_09_40-CEST-2018.zip,Epsilon:0.2,Score:2.456175999999867
Name:Thu-May-10-19_34_23-CEST-2018.zip,Epsilon:0.2,Score:-35.227271999996724
Name:Thu-May-10-20_00_12-CEST-2018.zip,Epsilon:0.2,Score:0.8617739999999636
Name:Thu-May-10-20_24_15-CEST-2018.zip,Epsilon:0.2,Score:-3.22708199999975
Name:Thu-May-10-20_48_06-CEST-2018.zip,Epsilon:0.2,Score:-4.136197999999832
Name:Thu-May-10-21_11_12-CEST-2018.zip,Epsilon:0.2,Score:15.05354599999967
Name:Thu-May-10-21_35_09-CEST-2018.zip,Epsilon:0.2,Score:-27.06707599999792
Name:Thu-May-10-21_59_58-CEST-2018.zip,Epsilon:0.2,Score:-29.869935999998344
Name:Thu-May-10-22_23_39-CEST-2018.zip,Epsilon:0.2,Score:-36.01372799999673
Name:Thu-May-10-22_46_56-CEST-2018.zip,Epsilon:0.2,Score:-3.7966779999991505
Name:Thu-May-10-23_09_47-CEST-2018.zip,Epsilon:0.2,Score:-16.949778000000073
Name:Thu-May-10-23_32_46-CEST-2018.zip,Epsilon:?,Score:-2.312799999999936
Name:Thu-May-10-23_58_22-CEST-2018.zip,Epsilon:?,Score:-36.59521999999785
Name:Fri-May-11-00_21_50-CEST-2018.zip,Epsilon:?,Score:-23.307253999997748
Name:Fri-May-11-00_45_42-CEST-2018.zip,Epsilon:?,Score:22.953926000000994
Name:Fri-May-11-01_10_03-CEST-2018.zip,Epsilon:?,Score:-46.68999399999632
Name:Fri-May-11-01_35_34-CEST-2018.zip,Epsilon:?,Score:-47.189601999996015
Name:Fri-May-11-01_58_20-CEST-2018.zip,Epsilon:?,Score:-2.6809499999999797
Name:Fri-May-11-02_21_50-CEST-2018.zip,Epsilon:?,Score:-35.80607399999639
Name:Fri-May-11-02_45_00-CEST-2018.zip,Epsilon:?,Score:-36.03690799999705
Name:Fri-May-11-03_08_05-CEST-2018.zip,Epsilon:?,Score:22.506846000001286
Name:Fri-May-11-03_32_16-CEST-2018.zip,Epsilon:?,Score:-19.696313999998857
Name:Fri-May-11-03_56_18-CEST-2018.zip,Epsilon:?,Score:-7.290886000000574
Name:Fri-May-11-04_20_23-CEST-2018.zip,Epsilon:?,Score:-36.51685599999689
Name:Fri-May-11-04_44_40-CEST-2018.zip,Epsilon:?,Score:-20.049255999999822
Name:Fri-May-11-05_09_09-CEST-2018.zip,Epsilon:?,Score:-20.333541999998555
Name:Fri-May-11-05_33_41-CEST-2018.zip,Epsilon:?,Score:-0.7326339999999639
Name:Fri-May-11-05_59_05-CEST-2018.zip,Epsilon:?,Score:2.426075999999703
Name:Fri-May-11-06_22_49-CEST-2018.zip,Epsilon:?,Score:-24.059753999998076
Name:Fri-May-11-06_47_25-CEST-2018.zip,Epsilon:?,Score:-17.338605999999725
Name:Fri-May-11-07_11_26-CEST-2018.zip,Epsilon:?,Score:-46.13240599999627
Name:Fri-May-11-07_35_36-CEST-2018.zip,Epsilon:?,Score:-23.829449999998015
Name:Fri-May-11-07_59_28-CEST-2018.zip,Epsilon:?,Score:13.952589999999773
Name:Fri-May-11-08_23_28-CEST-2018.zip,Epsilon:?,Score:-11.643758000000254
Name:Fri-May-11-08_47_38-CEST-2018.zip,Epsilon:?,Score:0.39087800000009826
Name:Fri-May-11-09_11_16-CEST-2018.zip,Epsilon:?,Score:-32.04876599999831
Name:Fri-May-11-09_49_45-CEST-2018.zip,Epsilon:?,Score:-8.39944600000056
Name:Fri-May-11-10_13_43-CEST-2018.zip,Epsilon:?,Score:-33.1788499999981
Name:Fri-May-11-10_36_58-CEST-2018.zip,Epsilon:?,Score:-35.33582599999664
Name:Fri-May-11-10_59_50-CEST-2018.zip,Epsilon:?,Score:-39.57793599999742
Name:Fri-May-11-11_23_02-CEST-2018.zip,Epsilon:?,Score:5.885527999999864
Name:Fri-May-11-11_47_02-CEST-2018.zip,Epsilon:?,Score:6.361431999999888
Name:Fri-May-11-12_11_24-CEST-2018.zip,Epsilon:?,Score:-31.760307999997842
Name:Fri-May-11-12_36_19-CEST-2018.zip,Epsilon:?,Score:24.694662000002143
Name:Fri-May-11-13_01_45-CEST-2018.zip,Epsilon:?,Score:-34.59238199999723
Name:Fri-May-11-13_26_01-CEST-2018.zip,Epsilon:?,Score:-12.980306000000917
Name:Fri-May-11-13_49_20-CEST-2018.zip,Epsilon:?,Score:-12.13280000000069
Name:Fri-May-11-14_12_50-CEST-2018.zip,Epsilon:?,Score:-1.0074580000002933
Name:Fri-May-11-14_36_26-CEST-2018.zip,Epsilon:?,Score:-14.695262000000605
Name:Fri-May-11-15_00_11-CEST-2018.zip,Epsilon:?,Score:-24.67441599999831
Name:Fri-May-11-15_25_34-CEST-2018.zip,Epsilon:?,Score:-35.84676199999714
Name:Fri-May-11-15_48_50-CEST-2018.zip,Epsilon:?,Score:9.514011999999674
Name:Fri-May-11-16_12_34-CEST-2018.zip,Epsilon:?,Score:-2.7224239999998345
Name:Fri-May-11-16_36_19-CEST-2018.zip,Epsilon:?,Score:-33.35119399999729
Name:Fri-May-11-17_00_39-CEST-2018.zip,Epsilon:?,Score:1.965265999999988
Name:Fri-May-11-17_24_14-CEST-2018.zip,Epsilon:?,Score:-34.37835799999665
Name:Fri-May-11-17_47_12-CEST-2018.zip,Epsilon:?,Score:-6.100604000000063
Name:Fri-May-11-18_10_29-CEST-2018.zip,Epsilon:?,Score:-0.6950199999999567
Name:Fri-May-11-18_33_42-CEST-2018.zip,Epsilon:?,Score:-18.2063139999994
Name:Fri-May-11-18_57_13-CEST-2018.zip,Epsilon:?,Score:-5.324708000000122
Name:Fri-May-11-19_20_35-CEST-2018.zip,Epsilon:?,Score:-31.228905999996442
Name:Fri-May-11-19_43_55-CEST-2018.zip,Epsilon:?,Score:-13.57317200000046
Name:Fri-May-11-20_07_24-CEST-2018.zip,Epsilon:?,Score:-29.88012799999803
Name:Fri-May-11-20_30_46-CEST-2018.zip,Epsilon:?,Score:-28.34646999999727
Name:Fri-May-11-20_54_32-CEST-2018.zip,Epsilon:?,Score:-18.102888000000103
Name:Fri-May-11-21_22_38-CEST-2018.zip,Epsilon:?,Score:-15.308228000000412
Name:Fri-May-11-21_46_21-CEST-2018.zip,Epsilon:?,Score:23.29033000000093
Name:Fri-May-11-22_10_34-CEST-2018.zip,Epsilon:?,Score:-19.14778199999917
Name:Fri-May-11-22_34_15-CEST-2018.zip,Epsilon:?,Score:-16.915382000000264
Name:Fri-May-11-22_58_06-CEST-2018.zip,Epsilon:?,Score:0.3790919999997736
Name:Fri-May-11-23_22_11-CEST-2018.zip,Epsilon:?,Score:-0.8035080000000838
Name:Fri-May-11-23_45_56-CEST-2018.zip,Epsilon:?,Score:-27.43432799999849
Name:Sat-May-12-00_12_12-CEST-2018.zip,Epsilon:?,Score:-13.563036000000505
Name:Sat-May-12-00_35_59-CEST-2018.zip,Epsilon:?,Score:-35.53052599999734
Name:Sat-May-12-00_59_27-CEST-2018.zip,Epsilon:?,Score:-7.095356000000578
Name:Sat-May-12-01_22_40-CEST-2018.zip,Epsilon:?,Score:0.17880799999998387
Name:Sat-May-12-01_46_08-CEST-2018.zip,Epsilon:?,Score:-11.259070000000966
Name:Sat-May-12-02_10_17-CEST-2018.zip,Epsilon:?,Score:-40.41178999999702
Name:Sat-May-12-02_34_35-CEST-2018.zip,Epsilon:?,Score:-16.43615799999966
Name:Sat-May-12-02_58_28-CEST-2018.zip,Epsilon:?,Score:-3.2333939999999237
Name:Sat-May-12-03_22_31-CEST-2018.zip,Epsilon:?,Score:25.19541400000107
Name:Sat-May-12-03_46_42-CEST-2018.zip,Epsilon:?,Score:9.335843999999428
Name:Sat-May-12-04_10_56-CEST-2018.zip,Epsilon:?,Score:-17.46635000000046
Name:Sat-May-12-04_36_09-CEST-2018.zip,Epsilon:?,Score:16.606147999999706
Name:Sat-May-12-05_00_29-CEST-2018.zip,Epsilon:?,Score:-18.501000000000058
Name:Sat-May-12-05_24_19-CEST-2018.zip,Epsilon:?,Score:-28.27109999999783
Name:Sat-May-12-05_49_18-CEST-2018.zip,Epsilon:?,Score:10.529825999999543
Name:Sat-May-12-06_13_30-CEST-2018.zip,Epsilon:?,Score:-21.051667999999072
Name:Sat-May-12-06_37_17-CEST-2018.zip,Epsilon:?,Score:6.859959999999387
Name:Sat-May-12-07_00_59-CEST-2018.zip,Epsilon:?,Score:-17.93994999999952
Name:Sat-May-12-07_24_24-CEST-2018.zip,Epsilon:?,Score:29.7726240000022
Name:Sat-May-12-07_48_31-CEST-2018.zip,Epsilon:?,Score:3.264313999999903
Name:Sat-May-12-08_12_08-CEST-2018.zip,Epsilon:?,Score:-32.29089799999675
Name:Sat-May-12-08_35_33-CEST-2018.zip,Epsilon:?,Score:-35.0090459999982
Name:Sat-May-12-08_58_41-CEST-2018.zip,Epsilon:?,Score:-47.2155759999965
Name:Sat-May-12-09_21_30-CEST-2018.zip,Epsilon:?,Score:-20.650967999999725
Name:Sat-May-12-09_44_27-CEST-2018.zip,Epsilon:?,Score:-1.5488079999999815
Name:Sat-May-12-10_07_50-CEST-2018.zip,Epsilon:?,Score:-17.099487999999536
Name:Sat-May-12-10_30_58-CEST-2018.zip,Epsilon:?,Score:0.5576459999998633
Name:Sat-May-12-10_54_09-CEST-2018.zip,Epsilon:?,Score:-41.4499219999969
Name:Sat-May-12-11_17_29-CEST-2018.zip,Epsilon:?,Score:-34.47835199999701
Name:Sat-May-12-11_40_43-CEST-2018.zip,Epsilon:?,Score:-9.065316000000752
Name:Sat-May-12-12_03_44-CEST-2018.zip,Epsilon:?,Score:-16.741103999997915
Name:Sat-May-12-12_27_06-CEST-2018.zip,Epsilon:?,Score:-31.303899999998265
Name:Sat-May-12-12_50_27-CEST-2018.zip,Epsilon:?,Score:-44.086187999997
Name:Sat-May-12-13_13_02-CEST-2018.zip,Epsilon:?,Score:-3.1071420000001764
Name:Sat-May-12-13_36_08-CEST-2018.zip,Epsilon:?,Score:-12.97278400000036
Name:Sat-May-12-13_59_32-CEST-2018.zip,Epsilon:?,Score:-27.819537999998047
Name:Sat-May-12-14_22_19-CEST-2018.zip,Epsilon:?,Score:-9.143758000000147
Name:Sat-May-12-14_45_40-CEST-2018.zip,Epsilon:?,Score:-1.840565999999977
Name:Sat-May-12-15_09_39-CEST-2018.zip,Epsilon:?,Score:-4.30538400000097
Name:Sat-May-12-15_33_16-CEST-2018.zip,Epsilon:?,Score:-6.630203999999948
Name:Sat-May-12-15_56_40-CEST-2018.zip,Epsilon:?,Score:-35.8255539999969
Name:Sat-May-12-16_20_09-CEST-2018.zip,Epsilon:?,Score:-34.3710019999969
Name:Sat-May-12-16_43_26-CEST-2018.zip,Epsilon:?,Score:14.63174599999952
Name:Sat-May-12-17_07_26-CEST-2018.zip,Epsilon:?,Score:0.9313179999996664
Name:Sat-May-12-17_31_13-CEST-2018.zip,Epsilon:?,Score:-53.455339999996596
Name:Sat-May-12-17_55_45-CEST-2018.zip,Epsilon:?,Score:-73.2568899999971
Name:Sat-May-12-18_22_28-CEST-2018.zip,Epsilon:?,Score:-35.92973999999727
Name:Sat-May-12-18_44_59-CEST-2018.zip,Epsilon:?,Score:-1.8596259999998774
Name:Sat-May-12-19_07_49-CEST-2018.zip,Epsilon:?,Score:-25.733095999998547
Name:Sat-May-12-19_30_59-CEST-2018.zip,Epsilon:?,Score:1.5470760000002421
Name:Sat-May-12-19_54_30-CEST-2018.zip,Epsilon:?,Score:-12.496840000001114
Name:Sat-May-12-20_17_49-CEST-2018.zip,Epsilon:?,Score:15.948749999999752
Name:Sat-May-12-20_41_43-CEST-2018.zip,Epsilon:?,Score:-4.981478000000939
Name:Sat-May-12-21_05_13-CEST-2018.zip,Epsilon:?,Score:19.509530000000435
Name:Sat-May-12-21_29_34-CEST-2018.zip,Epsilon:?,Score:-34.02816199999803
Name:Sat-May-12-21_55_31-CEST-2018.zip,Epsilon:?,Score:-19.3956659999998
Name:Sat-May-12-22_18_58-CEST-2018.zip,Epsilon:?,Score:1.8491819999998806
Name:Sat-May-12-22_45_02-CEST-2018.zip,Epsilon:?,Score:16.565924000000717
Name:Sat-May-12-23_09_18-CEST-2018.zip,Epsilon:?,Score:-15.383960000000414
Name:Sat-May-12-23_33_02-CEST-2018.zip,Epsilon:?,Score:20.4650240000009
Name:Sat-May-12-23_57_27-CEST-2018.zip,Epsilon:?,Score:-19.869441999998934
Name:Sun-May-13-00_21_02-CEST-2018.zip,Epsilon:?,Score:10.9707679999995
Name:Sun-May-13-00_45_12-CEST-2018.zip,Epsilon:?,Score:13.091491999999551
Name:Sun-May-13-01_09_23-CEST-2018.zip,Epsilon:?,Score:-39.892703999996215
Name:Sun-May-13-01_32_24-CEST-2018.zip,Epsilon:?,Score:-18.42549999999992
Name:Sun-May-13-01_55_37-CEST-2018.zip,Epsilon:?,Score:-37.12121999999715
Name:Sun-May-13-02_18_28-CEST-2018.zip,Epsilon:?,Score:0.3273320000000195
Name:Sun-May-13-02_41_39-CEST-2018.zip,Epsilon:?,Score:-17.71099199999988
Name:Sun-May-13-03_04_16-CEST-2018.zip,Epsilon:?,Score:-2.1899760000000366
Name:Sun-May-13-03_27_41-CEST-2018.zip,Epsilon:?,Score:-17.593081999997054
Name:Sun-May-13-03_50_49-CEST-2018.zip,Epsilon:?,Score:-0.18110999999983737
Name:Sun-May-13-04_14_13-CEST-2018.zip,Epsilon:?,Score:8.175983999999648
Name:Sun-May-13-04_37_48-CEST-2018.zip,Epsilon:?,Score:27.637350000001916
Name:Sun-May-13-05_01_39-CEST-2018.zip,Epsilon:?,Score:-51.52126799999593
Name:Sun-May-13-05_24_32-CEST-2018.zip,Epsilon:?,Score:-22.831987999998518
Name:Sun-May-13-05_47_49-CEST-2018.zip,Epsilon:?,Score:3.4757720000002026
Name:Sun-May-13-06_11_18-CEST-2018.zip,Epsilon:?,Score:-33.92450199999672
Name:Sun-May-13-06_34_07-CEST-2018.zip,Epsilon:?,Score:-24.722519999999033
Name:Sun-May-13-06_56_42-CEST-2018.zip,Epsilon:?,Score:-53.37535999999653
Name:Sun-May-13-07_19_13-CEST-2018.zip,Epsilon:?,Score:-22.39049199999881
Name:Sun-May-13-07_42_17-CEST-2018.zip,Epsilon:?,Score:15.480311999999504
Name:Sun-May-13-08_06_15-CEST-2018.zip,Epsilon:?,Score:-36.902663999996655
Name:Sun-May-13-08_29_13-CEST-2018.zip,Epsilon:?,Score:-2.6187539999999188
Name:Sun-May-13-08_53_19-CEST-2018.zip,Epsilon:?,Score:38.44318000000293
Name:Sun-May-13-09_17_20-CEST-2018.zip,Epsilon:?,Score:-49.10483799999633
Name:Sun-May-13-09_40_14-CEST-2018.zip,Epsilon:?,Score:-43.93152399999638
Name:Sun-May-13-10_02_46-CEST-2018.zip,Epsilon:?,Score:-35.45275999999662
Name:Sun-May-13-10_24_52-CEST-2018.zip,Epsilon:?,Score:-47.783619999996674
Name:Sun-May-13-10_47_10-CEST-2018.zip,Epsilon:?,Score:-30.98624399999667
Name:Sun-May-13-11_09_39-CEST-2018.zip,Epsilon:?,Score:-22.735611999998333
Name:Sun-May-13-11_32_16-CEST-2018.zip,Epsilon:?,Score:-7.142142000000226
Name:Sun-May-13-11_55_09-CEST-2018.zip,Epsilon:?,Score:-18.469261999998917
Name:Sun-May-13-12_18_38-CEST-2018.zip,Epsilon:?,Score:-14.714268000000253
Name:Sun-May-13-12_43_38-CEST-2018.zip,Epsilon:?,Score:23.214934000001783
Name:Mon-May-14-22_17_28-CEST-2018.zip,Epsilon:?,Score:-42.010061999996914
Name:Mon-May-14-22_40_13-CEST-2018.zip,Epsilon:?,Score:-18.413523999999775
Name:Mon-May-14-23_02_47-CEST-2018.zip,Epsilon:?,Score:-53.45719599999622
Name:Mon-May-14-23_24_47-CEST-2018.zip,Epsilon:?,Score:-33.32687799999794
Name:Mon-May-14-23_46_32-CEST-2018.zip,Epsilon:?,Score:-64.42911999999612
Name:Tue-May-15-00_08_05-CEST-2018.zip,Epsilon:?,Score:-21.83699399999892
Name:Tue-May-15-00_30_14-CEST-2018.zip,Epsilon:?,Score:-29.55518399999513
Name:Tue-May-15-00_52_15-CEST-2018.zip,Epsilon:?,Score:-59.565821999996196
Name:Tue-May-15-01_13_55-CEST-2018.zip,Epsilon:?,Score:-65.28376399999577
Name:Tue-May-15-01_35_32-CEST-2018.zip,Epsilon:?,Score:-17.852552000000085
Name:Tue-May-15-01_57_55-CEST-2018.zip,Epsilon:?,Score:-22.799281999999064
